Country;Afghanistan;Albania;Algeria;Andorra;Angola;Antigua and Barbuda;Argentina;Armenia;Australia;Austria;Azerbaijan;Bahamas;Bahrain;Bangladesh;Barbados;Belarus;Belgium;Belize;Benin;Bhutan;Bolivia (Plurinational State of);Bosnia and Herzegovina;Botswana;Brazil;Brunei Darussalam;Bulgaria;Burkina Faso;Burundi;Cabo Verde;Cambodia;Cameroon;Canada;Central African Republic;Chad;Chile;China;Colombia;Comoros;Congo;Congo (Democratic Republic of the);Costa Rica;Croatia;Cuba;Cyprus;Czechia;Côte d'Ivoire;Denmark;Djibouti;Dominica;Dominican Republic;Ecuador;Egypt;El Salvador;Equatorial Guinea;Eritrea;Estonia;Eswatini (Kingdom of);Ethiopia;Fiji;Finland;France;Gabon;Gambia;Georgia;Germany;Ghana;Greece;Grenada;Guatemala;Guinea;Guinea-Bissau;Guyana;Haiti;Honduras;Hong Kong, China (SAR);Hungary;Iceland;India;Indonesia;Iran (Islamic Republic of);Iraq;Ireland;Israel;Italy;Jamaica;Japan;Jordan;Kazakhstan;Kenya;Kiribati;Korea (Republic of);Kuwait;Kyrgyzstan;Lao People's Democratic Republic;Latvia;Lebanon;Lesotho;Liberia;Libya;Liechtenstein;Lithuania;Luxembourg;Madagascar;Malawi;Malaysia;Maldives;Mali;Malta;Marshall Islands;Mauritania;Mauritius;Mexico;Micronesia (Federated States of);Moldova (Republic of);Mongolia;Montenegro;Morocco;Mozambique;Myanmar;Namibia;Nepal;Netherlands;New Zealand;Nicaragua;Niger;Nigeria;North Macedonia;Norway;Oman;Pakistan;Palau;Palestine, State of;Panama;Papua New Guinea;Paraguay;Peru;Philippines;Poland;Portugal;Qatar;Romania;Russian Federation;Rwanda;Saint Kitts and Nevis;Saint Lucia;Saint Vincent and the Grenadines;Samoa;Sao Tome and Principe;Saudi Arabia;Senegal;Serbia;Seychelles;Sierra Leone;Singapore;Slovakia;Slovenia;Solomon Islands;South Africa;South Sudan;Spain;Sri Lanka;Sudan;Suriname;Sweden;Switzerland;Syrian Arab Republic;Tajikistan;Tanzania (United Republic of);Thailand;Timor-Leste;Togo;Tonga;Trinidad and Tobago;Tunisia;Turkey;Turkmenistan;Uganda;Ukraine;United Arab Emirates;United Kingdom;United States;Uruguay;Uzbekistan;Vanuatu;Venezuela (Bolivarian Republic of);Viet Nam;Yemen;Zambia;Zimbabwe;Monaco;Nauru;Korea (Democratic People's Rep. of);San Marino;Somalia;Tuvalu;Human Development;Very high human development;High human development;Medium human development;Low human development;Developing Countries;Regions;Arab States;East Asia and the Pacific;Europe and Central Asia;Latin America and the Caribbean;South Asia;Sub-Saharan Africa;Least Developed Countries;Small Island Developing States;Organization for Economic Co-operation and Development;World;Column1
1990;0.298;0.644;0.578;..;..;..;0.707;0.633;0.866;0.795;..;..;0.736;0.388;0.732;..;0.806;0.613;0.348;..;0.540;..;0.570;0.613;0.768;0.694;..;0.295;..;0.384;0.445;0.850;0.320;..;0.703;0.501;0.600;..;0.531;0.377;0.655;0.670;0.676;0.731;0.730;0.391;0.799;..;..;0.593;0.642;0.546;0.529;..;..;0.730;0.545;..;0.640;0.784;0.780;0.619;0.328;..;0.801;0.454;0.753;..;0.477;0.278;..;0.537;0.412;0.508;0.781;0.704;0.804;0.431;0.525;0.577;0.574;0.764;0.792;0.769;0.641;0.816;0.616;0.690;0.467;..;0.728;0.712;0.618;0.399;0.698;..;0.488;..;0.676;..;0.732;0.791;..;0.303;0.644;..;0.231;0.744;..;0.378;0.620;0.652;..;0.653;0.583;..;0.458;0.217;0.350;0.579;0.380;0.830;0.820;0.494;0.213;..;..;0.850;..;0.404;..;..;0.659;0.377;0.588;0.613;0.590;0.712;0.711;0.757;0.701;0.734;0.245;..;..;..;0.621;0.437;0.698;0.377;0.706;..;0.270;0.718;0.739;0.829;..;0.625;..;0.754;0.625;0.332;..;0.816;0.832;0.558;0.603;0.373;0.574;..;0.405;0.645;0.667;0.569;0.579;..;0.312;0.705;0.724;0.775;0.860;0.692;..;..;0.638;0.475;0.392;0.424;0.498;..;..;..;..;..;..;;0.779;0.568;0.437;0.352;0.516;;0.556;0.519;0.652;0.628;0.441;0.402;0.350;0.595;0.785;0.598;
1991;0.304;0.625;0.582;..;..;..;0.714;0.629;0.867;0.799;..;..;0.755;0.395;0.733;..;0.810;0.618;0.354;..;0.549;..;0.576;0.620;0.773;0.691;..;0.298;..;0.388;0.442;0.853;0.314;..;0.712;0.509;0.603;..;0.530;0.371;0.661;0.665;0.670;0.733;0.726;0.393;0.804;..;..;0.597;0.645;0.551;0.533;..;..;0.725;0.546;..;0.645;0.787;0.790;0.623;0.335;..;0.809;0.459;0.763;..;0.484;0.283;..;0.533;0.416;0.507;0.786;0.702;0.817;0.436;0.530;0.594;0.532;0.767;0.800;0.774;0.646;0.821;0.627;0.684;0.465;..;0.739;0.673;0.611;0.404;0.693;..;0.487;..;0.688;..;0.728;0.798;..;0.310;0.652;..;0.238;0.749;..;0.383;0.627;0.655;..;0.642;0.575;..;0.464;0.220;0.357;0.582;0.388;0.834;0.821;0.491;0.217;..;..;0.856;..;0.409;..;..;0.665;0.386;0.593;0.619;0.593;0.711;0.720;0.754;0.686;0.729;0.218;..;..;..;0.622;0.438;0.706;0.377;0.703;..;0.267;0.728;0.734;0.813;..;0.632;..;0.764;0.630;0.337;..;0.818;0.834;0.562;0.598;0.374;0.583;..;0.408;0.651;0.668;0.575;0.583;..;0.312;0.701;0.735;0.787;0.862;0.697;..;..;0.648;0.484;0.396;0.421;0.500;..;..;..;..;..;..;..;0.782;0.573;0.439;0.353;0.520;..;0.559;0.525;0.650;0.634;0.447;0.404;0.353;0.598;0.790;0.601;
1992;0.312;0.608;0.589;..;..;..;0.719;0.585;0.868;0.805;..;..;0.756;0.403;0.733;..;0.825;0.624;0.358;..;0.555;..;0.574;0.626;0.778;0.691;..;0.294;..;0.393;0.438;0.856;0.299;..;0.719;0.520;0.613;..;0.530;0.369;0.670;0.665;0.663;0.738;0.728;0.393;0.809;..;..;0.606;0.649;0.557;0.544;..;..;0.716;0.543;..;0.651;0.795;0.798;0.623;0.339;..;0.814;0.463;0.764;..;0.489;0.288;..;0.548;0.416;0.513;0.791;0.706;0.820;0.442;0.535;0.608;0.548;0.772;0.807;0.780;0.650;0.824;0.648;0.681;0.461;..;0.746;0.666;0.601;0.410;0.671;..;0.485;..;0.692;..;0.713;0.803;..;0.319;0.661;..;0.243;0.753;..;0.391;0.634;0.660;..;0.622;0.561;..;0.468;0.215;0.371;0.586;0.395;0.835;0.826;0.493;0.217;..;..;0.862;..;0.415;..;..;0.673;0.393;0.597;0.620;0.596;0.714;0.732;0.757;0.679;0.719;0.200;..;..;..;0.622;0.441;0.711;0.378;0.688;..;0.260;0.739;0.733;0.767;..;0.640;..;0.772;0.635;0.345;..;0.821;0.836;0.568;0.577;0.372;0.589;..;0.400;0.653;0.674;0.583;0.589;..;0.305;0.692;0.738;0.801;..;0.700;..;..;0.654;0.496;0.395;0.420;0.485;..;..;..;..;..;..;..;0.780;0.578;0.445;0.355;0.525;..;0.565;0.534;0.646;0.639;0.454;0.404;0.354;0.603;0.788;0.601;
1993;0.308;0.611;0.593;..;..;..;0.725;0.590;0.872;0.809;..;..;0.764;0.411;0.737;..;0.838;0.627;0.365;..;0.562;..;0.573;0.634;0.783;0.690;..;0.294;..;0.397;0.432;0.854;0.299;..;0.712;0.530;0.621;..;0.524;0.364;0.676;0.667;0.656;0.775;0.735;0.393;0.815;..;..;0.613;0.653;0.563;0.555;..;..;0.709;0.538;..;0.655;0.799;0.804;0.625;0.343;..;0.824;0.467;0.762;..;0.495;0.293;..;0.561;0.416;0.519;0.799;0.720;0.821;0.449;0.541;0.619;0.563;0.781;0.813;0.786;0.660;0.829;0.659;0.675;0.456;..;0.756;0.695;0.588;0.415;0.661;..;0.478;..;0.695;..;0.701;0.808;..;0.327;0.668;..;0.250;0.757;..;0.403;0.639;0.664;..;0.620;0.547;..;0.474;0.221;0.377;0.586;0.400;0.840;0.838;0.499;0.221;..;..;0.870;..;0.418;..;..;0.680;0.404;0.607;0.625;0.599;0.725;0.746;0.768;0.678;0.711;0.195;..;..;..;0.627;0.444;0.715;0.377;0.685;..;0.266;0.750;0.737;0.759;..;0.646;..;0.782;0.637;0.353;..;0.840;0.841;0.571;0.560;0.372;0.597;..;0.391;0.657;0.676;0.589;0.597;..;0.312;0.681;0.745;0.813;0.872;0.703;..;..;0.656;0.506;0.398;0.422;0.480;..;..;..;..;..;..;..;0.790;0.584;0.451;0.356;0.530;..;0.571;0.542;0.643;0.644;0.460;0.406;0.358;0.608;0.800;0.608;
1994;0.303;0.617;0.597;..;..;..;0.729;0.600;0.875;0.813;..;..;0.768;0.419;0.743;..;0.845;0.627;0.368;..;0.570;..;0.567;0.642;0.788;0.691;..;0.291;..;0.374;0.430;0.859;0.300;..;0.717;0.537;0.628;..;0.521;0.334;0.682;0.681;0.652;0.779;0.744;0.395;0.824;..;..;0.618;0.657;0.569;0.564;..;..;0.713;0.531;..;0.660;0.809;0.818;0.628;0.346;..;0.829;0.469;0.766;..;0.500;0.297;..;0.571;0.413;0.523;0.804;0.733;0.826;0.456;0.551;0.629;0.566;0.789;0.818;0.794;0.662;0.835;0.669;0.667;0.454;..;0.767;0.722;0.569;0.425;0.661;..;0.479;..;0.700;..;0.697;0.812;..;0.323;0.676;..;0.256;0.760;..;0.415;0.644;0.670;..;0.598;0.549;..;0.485;0.228;0.384;0.586;0.407;0.864;0.847;0.513;0.226;..;..;0.885;..;0.423;..;..;0.684;0.405;0.615;0.636;0.603;0.734;0.753;0.780;0.681;0.702;0.189;..;..;..;0.606;0.449;0.719;0.377;0.689;..;0.265;0.762;0.743;0.762;..;0.648;..;0.791;0.646;0.359;..;0.849;0.844;0.576;0.527;0.371;0.604;..;0.397;0.664;0.680;0.600;0.599;..;0.314;0.668;0.755;0.827;0.875;0.709;..;..;0.657;0.517;0.398;0.418;0.478;..;..;..;..;..;..;..;0.795;0.588;0.457;0.356;0.534;..;0.576;0.549;0.638;0.650;0.466;0.407;0.358;0.612;0.807;0.611;
1995;0.327;0.629;0.602;..;..;..;0.731;0.604;0.883;0.817;0.612;..;0.775;0.427;0.747;0.656;0.851;0.627;0.373;..;0.578;..;0.573;0.651;0.791;0.697;..;0.287;..;0.387;0.429;0.861;0.304;..;0.725;0.549;0.633;..;0.505;0.333;0.687;0.696;0.654;0.783;0.753;0.397;0.831;0.353;..;0.624;0.661;0.576;0.573;..;..;0.724;0.526;..;0.666;0.816;0.825;0.630;0.350;..;0.834;0.472;0.768;..;0.507;0.302;..;0.578;0.421;0.529;0.808;0.741;0.829;0.463;0.560;0.640;0.569;0.795;0.824;0.800;0.665;0.840;0.683;0.664;0.453;..;0.778;0.748;0.563;0.427;0.673;..;0.475;..;0.704;..;0.703;0.817;..;0.363;0.683;0.546;0.262;0.764;..;0.422;0.649;0.672;..;0.605;0.553;..;0.489;0.235;0.388;0.581;0.411;0.862;0.853;0.523;0.230;..;..;0.883;..;0.428;..;..;0.688;0.414;0.622;0.646;0.607;0.740;0.760;0.789;0.687;0.701;0.228;..;..;..;0.611;0.452;0.723;0.378;0.695;..;0.268;0.771;0.751;0.782;..;0.652;..;0.800;0.650;0.367;..;0.857;0.848;0.579;0.532;0.372;0.611;..;0.410;0.667;0.686;0.607;0.607;..;0.320;0.664;0.764;0.839;0.878;0.711;..;..;0.660;0.529;0.393;0.419;0.472;..;..;..;..;..;..;..;0.799;0.596;0.464;0.361;0.541;..;0.581;0.559;0.642;0.656;0.473;0.411;0.366;0.618;0.812;0.617;
1996;0.331;0.639;0.610;..;..;..;0.738;0.614;0.886;0.820;0.612;..;0.779;0.436;0.751;0.661;0.857;0.627;0.377;..;0.585;..;0.572;0.657;0.794;0.703;..;0.283;..;0.391;0.428;0.863;0.301;..;0.732;0.558;0.643;..;0.503;0.337;0.690;0.708;0.665;0.786;0.767;0.401;0.837;0.351;..;0.630;0.663;0.584;0.581;..;..;0.734;0.519;..;0.668;0.823;0.830;0.632;0.356;..;0.839;0.473;0.772;..;0.515;0.306;..;0.589;0.426;0.534;0.811;0.746;0.834;0.471;0.574;0.647;0.575;0.801;0.828;0.806;0.668;0.845;0.685;0.666;0.452;..;0.789;0.772;0.568;0.440;0.680;..;0.470;..;0.709;..;0.712;0.826;..;0.366;0.695;0.559;0.271;0.767;..;0.431;0.653;0.679;..;0.602;0.560;..;0.499;0.258;0.394;0.571;0.421;0.866;0.856;0.533;0.236;..;..;0.888;..;0.433;..;..;0.694;0.421;0.629;0.651;0.615;0.748;0.767;0.801;0.695;0.702;0.260;..;..;..;0.619;0.458;0.728;0.379;0.698;..;0.275;0.780;0.754;0.788;..;0.649;..;0.806;0.655;0.375;..;0.864;0.854;0.583;0.517;0.374;0.619;..;0.418;0.667;0.691;0.616;0.615;..;0.336;0.661;0.765;0.844;0.879;0.717;..;..;0.662;0.540;0.408;0.419;0.471;..;..;..;..;..;..;..;0.804;0.604;0.471;0.368;0.547;..;0.587;0.568;0.646;0.662;0.480;0.415;0.374;0.624;0.817;0.622;
1997;0.335;0.639;0.619;..;..;..;0.746;0.625;0.889;0.824;0.618;..;0.781;0.444;0.757;0.667;0.862;0.630;0.381;..;0.587;..;0.575;0.664;0.797;0.704;..;0.283;..;0.397;0.429;0.863;0.304;..;0.739;0.566;0.651;..;0.506;0.334;0.696;0.720;0.669;0.789;0.774;0.403;0.843;0.355;..;0.637;0.667;0.591;0.590;..;..;0.747;0.507;..;0.667;0.832;0.834;0.633;0.362;..;0.844;0.475;0.777;..;0.523;0.314;..;0.594;0.430;0.540;0.816;0.747;0.841;0.477;0.587;0.653;0.583;0.809;0.836;0.814;0.669;0.848;0.689;0.669;0.449;..;0.800;0.775;0.576;0.447;0.692;..;0.463;..;0.716;..;0.724;0.835;..;0.367;0.706;0.573;0.281;0.772;..;0.430;0.657;0.685;..;0.604;0.566;..;0.503;0.271;0.400;0.563;0.427;0.866;0.861;0.542;0.240;..;..;0.894;..;0.436;..;..;0.700;0.425;0.633;0.657;0.619;0.759;0.773;0.806;0.695;0.704;0.288;..;..;..;0.621;0.462;0.732;0.380;0.705;..;0.278;0.791;0.756;0.796;..;0.644;..;0.810;0.662;0.385;..;0.874;0.864;0.587;0.522;0.375;0.625;..;0.425;0.667;0.699;0.623;0.624;..;0.350;0.663;0.766;0.849;..;0.727;..;..;0.666;0.539;0.418;0.420;0.466;..;..;..;..;..;..;..;0.804;0.610;0.476;0.373;0.553;..;0.594;0.576;0.651;0.669;0.486;0.418;0.381;0.629;0.817;0.624;
1998;0.339;0.649;0.629;..;..;..;0.752;0.637;0.892;0.828;0.627;..;0.784;0.453;0.756;0.671;0.866;0.631;0.385;..;0.599;..;0.577;0.670;0.798;0.710;..;0.287;..;0.402;0.434;0.861;0.306;..;0.741;0.574;0.658;..;0.511;0.334;0.702;0.731;0.672;0.797;0.775;0.403;0.849;0.356;..;0.643;0.670;0.592;0.598;..;..;0.759;0.493;..;0.667;0.840;0.839;0.636;0.368;..;0.853;0.476;0.787;..;0.531;0.321;..;0.597;0.433;0.545;0.817;0.754;0.851;0.484;0.587;0.659;0.597;0.841;0.843;0.819;0.670;0.847;0.693;0.672;0.448;..;0.797;0.781;0.580;0.454;0.705;..;0.453;..;0.719;..;0.736;0.843;..;0.368;0.709;0.587;0.291;0.780;..;0.438;0.663;0.693;..;0.604;0.574;..;0.511;0.283;0.405;0.556;0.432;0.868;0.864;0.551;0.248;..;..;0.906;..;0.440;..;..;0.708;0.428;0.638;0.667;0.623;0.769;0.780;0.810;0.697;0.703;0.303;..;..;..;0.628;0.467;0.737;0.383;0.708;..;0.283;0.796;0.762;0.805;..;0.638;..;0.814;0.669;0.391;..;0.888;0.874;0.590;0.526;0.382;0.630;..;0.424;0.670;0.698;0.635;0.635;..;0.365;0.665;0.769;0.855;0.884;0.735;..;..;0.668;0.559;0.430;0.419;0.461;..;..;..;..;..;..;..;0.813;0.616;0.484;0.379;0.559;..;0.599;0.581;0.657;0.675;0.492;0.422;0.388;0.632;0.826;0.631;
1999;0.343;0.660;0.638;..;0.384;..;0.763;0.644;0.895;0.834;0.634;..;0.786;0.462;0.764;0.676;0.868;0.636;0.391;..;0.608;..;0.579;0.675;0.804;0.709;..;0.288;..;0.407;0.434;0.864;0.308;..;0.747;0.583;0.658;..;0.500;0.331;0.706;0.740;0.679;0.797;0.784;0.408;0.861;0.360;..;0.648;0.667;0.605;0.600;..;..;0.766;0.483;..;0.672;0.848;0.844;0.631;0.376;..;0.861;0.478;0.789;..;0.539;0.328;..;0.601;0.437;0.548;0.821;0.761;0.855;0.492;0.595;0.664;0.604;0.849;0.850;0.824;0.672;0.850;0.696;0.676;0.447;..;0.808;0.786;0.587;0.462;0.716;..;0.445;0.361;0.723;..;0.744;0.856;..;0.368;0.715;0.601;0.302;0.785;..;0.445;0.668;0.698;..;0.607;0.581;..;0.520;0.294;0.414;0.546;0.439;0.871;0.865;0.560;0.251;..;..;0.911;..;0.445;..;..;0.713;0.431;0.641;0.677;0.627;0.778;0.779;0.814;0.703;0.710;0.322;..;..;..;0.633;0.474;0.739;0.385;0.703;..;0.289;0.807;0.762;0.819;0.490;0.633;..;0.819;0.677;0.397;..;0.893;0.881;0.589;0.530;0.388;0.640;..;0.425;0.670;0.717;0.645;0.643;..;0.381;0.667;0.776;0.861;0.885;0.737;..;..;0.670;0.566;0.423;0.424;0.457;..;..;..;..;..;..;..;0.818;0.622;0.491;0.384;0.564;..;0.607;0.589;0.660;0.680;0.499;0.425;0.394;0.638;0.831;0.636;
2000;0.345;0.667;0.646;0.759;0.394;..;0.770;0.649;0.898;0.838;0.641;0.787;0.792;0.470;0.771;0.682;0.873;0.643;0.398;..;0.616;0.669;0.578;0.684;0.805;0.712;0.286;0.293;0.564;0.419;0.439;0.868;0.307;0.298;0.753;0.591;0.662;0.457;0.495;0.333;0.711;0.749;0.686;0.799;0.796;0.407;0.863;0.361;0.694;0.653;0.669;0.611;0.608;0.520;..;0.780;0.468;0.283;0.675;0.858;0.842;0.627;0.382;0.669;0.869;0.483;0.796;..;0.546;0.335;..;0.606;0.440;0.555;0.827;0.769;0.861;0.497;0.604;0.671;0.608;0.857;0.853;0.830;0.669;0.855;0.702;0.685;0.446;0.564;0.817;0.786;0.594;0.466;0.728;..;0.444;0.422;0.728;0.862;0.755;0.860;0.456;0.362;0.724;0.610;0.308;0.787;..;0.446;0.674;0.705;0.541;0.609;0.589;..;0.531;0.301;0.424;0.543;0.446;0.876;0.870;0.568;0.253;..;0.669;0.917;0.704;0.449;0.736;..;0.719;0.436;0.640;0.679;0.631;0.785;0.785;0.816;0.709;0.721;0.337;..;0.694;0.674;0.638;0.480;0.744;0.390;0.710;0.712;0.298;0.818;0.763;0.824;0.476;0.629;..;0.825;0.687;0.403;..;0.897;0.889;0.590;0.538;0.395;0.649;0.505;0.426;0.666;0.721;0.653;0.655;..;0.395;0.671;0.782;0.867;0.881;0.742;0.596;..;0.672;0.578;0.432;0.428;0.452;..;..;..;..;..;..;..;0.823;0.630;0.497;0.386;0.571;..;0.613;0.597;0.667;0.687;0.505;0.423;0.399;0.642;0.834;0.641;
2001;0.347;0.673;0.655;0.767;0.404;..;0.775;0.653;0.900;0.849;0.649;0.788;0.792;0.479;0.770;0.689;0.876;0.647;0.410;..;0.619;0.675;0.580;0.691;0.806;0.722;0.290;0.294;0.566;0.434;0.455;0.872;0.311;0.306;0.764;0.599;0.664;0.462;0.501;0.333;0.714;0.761;0.692;0.805;0.806;0.408;0.876;0.370;0.698;0.657;0.674;0.616;0.612;0.523;..;0.790;0.457;0.298;0.675;0.864;0.845;0.630;0.389;0.673;0.876;0.482;0.806;..;0.553;0.341;..;0.609;0.442;0.559;0.835;0.777;0.867;0.502;0.610;0.678;0.615;0.863;0.857;0.837;0.680;0.859;0.708;0.700;0.450;0.582;0.824;0.785;0.602;0.471;0.745;..;0.445;0.421;0.733;0.868;0.767;0.865;0.462;0.362;0.722;0.616;0.321;0.793;..;0.446;0.683;0.708;0.547;0.618;0.600;..;0.542;0.314;0.432;0.542;0.446;0.880;0.874;0.575;0.259;..;0.673;0.916;0.716;0.456;0.741;..;0.722;0.441;0.648;0.688;0.634;0.791;0.790;0.817;0.715;0.727;0.346;..;0.691;0.678;0.645;0.489;0.747;0.406;0.716;0.708;0.302;0.822;0.765;0.835;0.480;0.610;..;0.828;0.693;0.409;..;0.900;0.891;0.597;0.548;0.402;0.657;0.512;0.427;0.670;0.729;0.661;0.661;..;0.403;0.681;0.787;0.871;0.884;0.745;0.603;..;0.680;0.586;0.449;0.436;0.453;..;..;..;..;..;..;..;0.827;0.636;0.502;0.393;0.575;..;0.620;0.604;0.672;0.692;0.510;0.426;0.407;0.645;0.839;0.646;
2002;0.378;0.680;0.666;0.780;0.419;..;0.770;0.663;0.903;0.838;0.658;0.790;0.792;0.485;0.774;0.696;0.879;0.655;0.419;..;0.625;0.681;0.576;0.698;0.809;0.729;0.296;0.304;0.576;0.453;0.457;0.877;0.314;0.311;0.767;0.610;0.667;0.467;0.504;0.340;0.717;0.767;0.693;0.814;0.813;0.409;0.883;0.376;0.697;0.662;0.679;0.621;0.619;0.536;..;0.799;0.445;0.306;0.678;0.867;0.845;0.632;0.392;0.678;0.883;0.487;0.818;0.711;0.560;0.351;..;0.612;0.444;0.564;0.842;0.784;0.876;0.508;0.616;0.683;0.616;0.871;0.865;0.842;0.683;0.862;0.706;0.713;0.450;0.580;0.832;0.788;0.604;0.480;0.760;..;0.440;0.423;0.737;0.873;0.778;0.869;0.457;0.363;0.724;0.619;0.330;0.797;..;0.451;0.688;0.714;0.553;0.628;0.609;..;0.553;0.320;0.441;0.540;0.456;0.879;0.882;0.581;0.263;..;0.679;0.918;0.725;0.464;0.745;..;0.728;0.446;0.658;0.688;0.639;0.799;0.792;0.822;0.724;0.733;0.361;..;0.692;0.683;0.653;0.494;0.749;0.410;0.720;0.709;0.319;0.830;0.772;0.843;0.486;0.618;..;0.830;0.699;0.415;..;0.903;0.891;0.600;0.559;0.412;0.665;0.522;0.428;0.676;0.730;0.666;0.672;..;0.418;0.689;0.793;0.874;0.886;0.747;0.610;..;0.688;0.594;0.456;0.445;0.444;..;..;..;..;..;..;..;0.832;0.643;0.508;0.402;0.582;..;0.624;0.613;0.681;0.696;0.516;0.434;0.415;0.649;0.843;0.651;
2003;0.387;0.687;0.676;0.820;0.428;..;0.775;0.672;0.904;0.842;0.667;0.789;0.793;0.492;0.778;0.704;0.882;0.663;0.426;..;0.629;0.686;0.583;0.694;0.815;0.738;0.303;0.312;0.580;0.466;0.463;0.882;0.314;0.310;0.773;0.622;0.666;0.473;0.504;0.349;0.720;0.773;0.704;0.822;0.822;0.411;0.894;0.386;0.702;0.663;0.682;0.623;0.625;0.535;..;0.806;0.440;0.310;0.679;0.870;0.848;0.633;0.400;0.688;0.889;0.489;0.825;0.719;0.564;0.338;..;0.609;0.447;0.569;0.851;0.793;0.882;0.521;0.623;0.690;0.604;0.879;0.865;0.847;0.678;0.865;0.711;0.725;0.462;0.586;0.839;0.791;0.611;0.488;0.774;..;0.438;0.402;0.745;0.878;0.790;0.870;0.466;0.367;0.731;0.633;0.343;0.804;..;0.455;0.697;0.720;0.560;0.641;0.622;0.741;0.564;0.334;0.451;0.542;0.461;0.883;0.885;0.584;0.268;0.452;0.686;0.924;0.735;0.472;0.747;..;0.730;0.450;0.657;0.687;0.643;0.804;0.796;0.830;0.732;0.740;0.374;..;0.694;0.690;0.658;0.502;0.756;0.418;0.726;0.713;0.329;0.839;0.777;0.850;0.492;0.617;..;0.833;0.708;0.421;..;0.908;0.896;0.610;0.571;0.421;0.674;0.525;0.432;0.685;0.744;0.673;0.679;..;0.427;0.699;0.798;0.878;0.889;0.750;0.615;..;0.687;0.603;0.464;0.455;0.430;..;..;..;..;..;..;..;0.837;0.650;0.518;0.417;0.589;..;0.630;0.623;0.688;0.697;0.527;0.444;0.422;0.655;0.848;0.657;
2004;0.400;0.692;0.685;0.826;0.440;..;0.775;0.681;0.907;0.849;0.674;0.790;0.792;0.499;0.782;0.714;0.885;0.668;0.434;..;0.630;0.692;0.589;0.697;0.820;0.745;0.312;0.322;0.586;0.478;0.468;0.887;0.319;0.326;0.782;0.631;0.680;0.474;0.508;0.357;0.724;0.779;0.718;0.826;0.825;0.417;0.898;0.394;0.704;0.666;0.687;0.629;0.631;0.545;..;0.814;0.448;0.325;0.685;0.891;0.852;0.632;0.409;0.695;0.899;0.497;0.835;0.721;0.567;0.363;..;0.614;0.448;0.575;0.862;0.795;0.886;0.530;0.629;0.691;0.628;0.888;0.867;0.852;0.695;0.869;0.717;0.737;0.475;0.585;0.847;0.789;0.615;0.496;0.788;..;0.433;0.412;0.745;0.883;0.798;0.876;0.472;0.368;0.734;0.638;0.352;0.813;..;0.465;0.705;0.726;0.564;0.651;0.636;0.748;0.573;0.343;0.460;0.544;0.468;0.886;0.887;0.589;0.276;0.462;0.693;0.934;0.742;0.486;0.752;0.638;0.735;0.459;0.664;0.694;0.653;0.802;0.797;0.832;0.745;0.746;0.391;..;0.694;0.693;0.666;0.509;0.765;0.426;0.734;0.715;0.338;0.846;0.785;0.857;0.498;0.618;..;0.837;0.715;0.430;0.671;0.896;0.901;0.623;0.582;0.431;0.683;0.519;0.435;0.674;0.753;0.682;0.685;..;0.427;0.706;0.803;0.886;0.892;0.754;0.622;..;0.700;0.612;0.471;0.464;0.427;..;..;..;..;..;..;..;0.841;0.657;0.527;0.426;0.597;..;0.640;0.632;0.695;0.703;0.536;0.451;0.430;0.662;0.852;0.663;
2005;0.410;0.702;0.694;0.819;0.453;0.773;0.777;0.694;0.902;0.855;0.681;0.791;0.792;0.506;0.786;0.724;0.889;0.666;0.440;0.512;0.632;0.700;0.598;0.700;0.824;0.750;0.324;0.329;0.592;0.490;0.469;0.892;0.323;0.331;0.788;0.643;0.693;0.480;0.506;0.364;0.728;0.785;0.730;0.830;0.835;0.425;0.903;0.402;0.706;0.675;0.692;0.635;0.637;0.569;0.424;0.825;0.459;0.346;0.687;0.895;0.860;0.638;0.413;0.705;0.900;0.508;0.845;0.734;0.571;0.373;0.393;0.619;0.451;0.581;0.871;0.802;0.891;0.539;0.633;0.696;0.632;0.893;0.871;0.857;0.698;0.873;0.729;0.747;0.484;0.585;0.855;0.783;0.616;0.505;0.802;0.724;0.430;0.417;0.749;0.886;0.810;0.880;0.479;0.373;0.732;0.632;0.363;0.828;..;0.470;0.713;0.729;0.572;0.658;0.649;0.753;0.581;0.354;0.470;0.544;0.474;0.891;0.889;0.593;0.283;0.467;0.702;0.932;0.748;0.499;0.759;0.646;0.739;0.468;0.667;0.700;0.656;0.808;0.800;0.838;0.755;0.752;0.409;0.713;0.698;0.698;0.670;0.517;0.771;0.434;0.742;0.731;0.346;0.869;0.794;0.861;0.503;0.620;..;0.844;0.721;0.437;0.676;0.899;0.906;0.635;0.590;0.442;0.693;0.496;0.437;0.674;0.751;0.689;0.691;..;0.434;0.715;0.809;0.890;0.896;0.756;0.629;0.569;0.714;0.616;0.472;0.475;0.425;..;..;..;..;..;..;..;0.846;0.665;0.536;0.435;0.605;..;0.647;0.641;0.703;0.707;0.544;0.459;0.439;0.668;0.856;0.669;
2006;0.419;0.709;0.699;0.829;0.466;0.779;0.801;0.708;0.905;0.861;0.707;0.794;0.793;0.514;0.791;0.740;0.896;0.676;0.447;0.524;0.638;0.706;0.612;0.701;0.827;0.756;0.333;0.351;0.606;0.502;0.470;0.895;0.328;0.337;0.787;0.657;0.700;0.487;0.508;0.372;0.734;0.794;0.752;0.836;0.843;0.430;0.905;0.414;0.711;0.682;0.695;0.643;0.645;0.579;0.425;0.832;0.472;0.362;0.687;0.899;0.865;0.638;0.418;0.712;0.910;0.518;0.851;0.735;0.579;0.384;0.401;0.624;0.456;0.587;0.883;0.811;0.893;0.548;0.643;0.732;0.637;0.895;0.872;0.862;0.702;0.877;0.732;0.754;0.499;0.582;0.862;0.788;0.621;0.511;0.809;0.723;0.431;0.424;0.753;0.890;0.819;0.884;0.484;0.383;0.738;0.647;0.372;0.826;..;0.479;0.720;0.737;0.578;0.667;0.660;0.764;0.588;0.361;0.479;0.550;0.484;0.897;0.892;0.596;0.290;0.474;0.708;0.936;0.752;0.503;0.761;0.647;0.744;0.473;0.666;0.697;0.657;0.813;0.803;0.835;0.766;0.759;0.430;0.720;0.712;0.704;0.673;0.526;0.778;0.439;0.750;0.720;0.354;0.872;0.803;0.868;0.515;0.624;..;0.848;0.728;0.447;0.682;0.902;0.912;0.643;0.596;0.452;0.694;0.537;0.444;0.675;0.767;0.695;0.702;..;0.447;0.722;0.814;0.889;0.899;0.761;0.635;0.575;0.727;0.624;0.478;0.486;0.429;..;..;..;..;..;..;..;0.851;0.675;0.544;0.444;0.614;..;0.653;0.652;0.712;0.713;0.554;0.469;0.448;0.678;0.860;0.676;
2007;0.431;0.718;0.708;0.829;0.482;0.784;0.806;0.724;0.908;0.881;0.712;0.794;0.796;0.521;0.796;0.756;0.899;0.678;0.455;0.539;0.638;0.713;0.625;0.705;0.827;0.764;0.344;0.363;0.615;0.516;0.481;0.891;0.334;0.345;0.801;0.670;0.713;0.492;0.523;0.382;0.742;0.801;0.768;0.844;0.850;0.435;0.904;0.424;0.715;0.689;0.706;0.651;0.644;0.585;0.427;0.839;0.482;0.377;0.691;0.901;0.867;0.643;0.424;0.724;0.914;0.529;0.849;0.740;0.588;0.393;0.407;0.627;0.460;0.595;0.887;0.814;0.899;0.558;0.644;0.736;0.639;0.899;0.881;0.866;0.710;0.880;0.735;0.758;0.507;0.583;0.869;0.789;0.628;0.521;0.818;0.736;0.441;0.431;0.754;0.893;0.826;0.888;0.491;0.394;0.751;0.647;0.367;0.831;..;0.479;0.728;0.738;0.583;0.672;0.671;0.775;0.596;0.372;0.490;0.558;0.490;0.904;0.894;0.602;0.295;0.479;0.713;0.938;0.764;0.511;0.766;0.657;0.751;0.486;0.671;0.705;0.663;0.819;0.810;0.838;0.780;0.767;0.446;0.725;0.712;0.705;0.679;0.531;0.784;0.448;0.754;0.744;0.368;0.879;0.814;0.873;0.517;0.631;..;0.853;0.734;0.452;0.687;0.905;0.915;0.649;0.602;0.461;0.710;0.582;0.441;0.678;0.777;0.701;0.709;..;0.457;0.729;0.819;0.892;0.902;0.763;0.646;0.577;0.743;0.632;0.486;0.492;0.434;..;..;..;..;..;..;..;0.855;0.684;0.553;0.452;0.622;..;0.661;0.664;0.718;0.719;0.563;0.477;0.458;0.687;0.864;0.682;
2008;0.436;0.724;0.711;0.831;0.494;0.783;0.810;0.727;0.922;0.884;0.721;0.794;0.796;0.524;0.799;0.774;0.899;0.683;0.462;0.547;0.647;0.720;0.638;0.716;0.828;0.771;0.357;0.375;0.622;0.521;0.489;0.893;0.339;0.350;0.811;0.681;0.720;0.499;0.538;0.393;0.750;0.805;0.778;0.852;0.854;0.441;0.909;0.432;0.721;0.692;0.711;0.659;0.647;0.586;0.423;0.841;0.491;0.394;0.691;0.904;0.869;0.645;0.431;0.723;0.916;0.542;0.857;0.743;0.594;0.400;0.413;0.630;0.463;0.591;0.896;0.818;0.892;0.565;0.648;0.741;0.646;0.900;0.880;0.868;0.728;0.881;0.736;0.758;0.515;0.586;0.874;0.790;0.631;0.528;0.821;0.742;0.446;0.436;0.759;0.899;0.831;0.890;0.500;0.411;0.762;0.657;0.390;0.833;..;0.480;0.734;0.740;0.587;0.677;0.682;0.785;0.603;0.381;0.501;0.566;0.500;0.906;0.895;0.607;0.304;0.485;0.729;0.938;0.782;0.513;0.767;0.661;0.755;0.490;0.680;0.715;0.667;0.824;0.814;0.843;0.795;0.774;0.456;0.740;0.723;0.713;0.681;0.532;0.793;0.458;0.760;0.748;0.378;0.884;0.822;0.878;0.517;0.644;..;0.856;0.742;0.464;0.692;0.901;0.917;0.646;0.616;0.470;0.714;0.599;0.449;0.681;0.784;0.708;0.714;..;0.469;0.733;0.821;0.896;0.907;0.767;0.653;0.584;0.753;0.639;0.488;0.507;0.432;..;..;..;..;..;..;..;0.860;0.692;0.560;0.461;0.629;..;0.667;0.672;0.723;0.726;0.569;0.486;0.467;0.692;0.867;0.688;
2009;0.447;0.729;0.720;0.830;0.508;0.776;0.810;0.724;0.923;0.886;0.734;0.793;0.794;0.535;0.801;0.784;0.899;0.688;0.468;0.559;0.651;0.720;0.647;0.718;0.831;0.774;0.366;0.391;0.623;0.524;0.497;0.893;0.346;0.366;0.819;0.690;0.724;0.506;0.550;0.400;0.751;0.804;0.780;0.854;0.857;0.448;0.906;0.437;0.721;0.694;0.712;0.660;0.647;0.588;0.432;0.838;0.501;0.402;0.694;0.899;0.869;0.653;0.434;0.727;0.916;0.547;0.859;0.740;0.597;0.400;0.419;0.633;0.468;0.593;0.898;0.823;0.891;0.571;0.659;0.747;0.648;0.896;0.882;0.868;0.724;0.880;0.734;0.762;0.524;0.585;0.871;0.792;0.635;0.539;0.819;0.749;0.455;0.438;0.757;0.899;0.821;0.885;0.503;0.426;0.766;0.658;0.398;0.835;..;0.487;0.742;0.739;0.590;0.673;0.688;0.787;0.609;0.389;0.512;0.575;0.513;0.906;0.898;0.608;0.309;0.491;0.731;0.938;0.789;0.520;0.772;0.666;0.756;0.500;0.678;0.718;0.666;0.828;0.817;0.841;0.798;0.771;0.472;0.742;0.726;0.713;0.683;0.541;0.797;0.462;0.762;0.754;0.386;0.885;0.823;0.877;0.506;0.654;..;0.858;0.745;0.469;0.698;0.899;0.927;0.648;0.619;0.479;0.718;0.611;0.458;0.686;0.786;0.710;0.721;..;0.478;0.727;0.819;0.899;0.908;0.779;0.658;0.584;0.752;0.650;0.503;0.521;0.448;..;..;..;..;..;..;..;0.861;0.698;0.567;0.469;0.635;..;0.671;0.681;0.726;0.727;0.575;0.494;0.477;0.694;0.868;0.691;
2010;0.464;0.740;0.730;0.828;0.510;0.772;0.818;0.729;0.926;0.895;0.732;0.795;0.796;0.549;0.799;0.792;0.903;0.693;0.473;0.571;0.656;0.714;0.660;0.726;0.832;0.779;0.375;0.402;0.626;0.535;0.471;0.895;0.355;0.374;0.800;0.702;0.729;0.513;0.557;0.416;0.754;0.811;0.776;0.850;0.862;0.454;0.910;0.446;0.733;0.701;0.716;0.666;0.659;0.580;0.433;0.844;0.513;0.412;0.694;0.903;0.872;0.658;0.437;0.732;0.920;0.554;0.857;0.743;0.602;0.408;0.426;0.639;0.467;0.598;0.901;0.826;0.892;0.581;0.666;0.756;0.652;0.890;0.887;0.871;0.723;0.885;0.728;0.764;0.533;0.589;0.882;0.794;0.636;0.546;0.817;0.751;0.461;0.441;0.757;0.904;0.824;0.893;0.504;0.437;0.773;0.669;0.403;0.847;..;0.490;0.748;0.739;0.595;0.681;0.697;0.793;0.618;0.396;0.523;0.588;0.527;0.911;0.899;0.614;0.319;0.484;0.735;0.942;0.793;0.524;0.776;0.671;0.758;0.510;0.692;0.721;0.672;0.835;0.822;0.834;0.797;0.780;0.488;0.747;0.730;0.711;0.690;0.546;0.810;0.468;0.762;0.762;0.391;0.909;0.829;0.881;0.524;0.662;0.425;0.865;0.750;0.471;0.701;0.906;0.932;0.644;0.630;0.487;0.721;0.620;0.468;0.692;0.788;0.717;0.743;0.673;0.489;0.732;0.821;0.905;0.911;0.774;0.665;0.585;0.753;0.653;0.499;0.531;0.472;..;..;..;..;..;..;..;0.866;0.706;0.575;0.473;0.642;..;0.676;0.691;0.735;0.731;0.585;0.498;0.485;0.702;0.873;0.697;
2011;0.465;0.759;0.738;0.827;0.525;0.764;0.823;0.733;0.928;0.897;0.731;0.795;0.798;0.559;0.802;0.798;0.904;0.699;0.479;0.581;0.660;0.722;0.676;0.730;0.836;0.782;0.385;0.410;0.633;0.542;0.513;0.899;0.363;0.385;0.812;0.711;0.735;0.524;0.559;0.419;0.768;0.817;0.775;0.853;0.865;0.457;0.922;0.451;0.733;0.704;0.742;0.669;0.656;0.583;0.433;0.853;0.528;0.423;0.698;0.907;0.876;0.663;0.435;0.738;0.925;0.563;0.853;0.746;0.607;0.421;0.435;0.648;0.474;0.601;0.904;0.823;0.901;0.590;0.674;0.767;0.658;0.894;0.892;0.875;0.723;0.890;0.725;0.772;0.540;0.587;0.888;0.796;0.639;0.558;0.822;0.753;0.470;0.457;0.708;0.909;0.831;0.892;0.504;0.447;0.779;0.681;0.408;0.848;..;0.494;0.756;0.746;0.598;0.687;0.711;0.797;0.627;0.391;0.534;0.601;0.534;0.922;0.902;0.619;0.326;0.494;0.739;0.943;0.795;0.528;0.783;0.679;0.764;0.517;0.697;0.734;0.677;0.840;0.827;0.845;0.798;0.789;0.496;0.751;0.736;0.713;0.695;0.553;0.824;0.479;0.772;0.755;0.398;0.914;0.836;0.883;0.532;0.663;0.443;0.870;0.756;0.475;0.708;0.906;0.932;0.642;0.634;0.492;0.729;0.627;0.480;0.696;0.786;0.719;0.759;0.680;0.494;0.737;0.826;0.899;0.914;0.783;0.672;0.585;0.764;0.663;0.511;0.541;0.490;..;..;..;..;..;..;..;0.871;0.713;0.584;0.479;0.650;..;0.681;0.700;0.744;0.737;0.593;0.505;0.493;0.706;0.877;0.703;
2012;0.479;0.771;0.737;0.849;0.537;0.767;0.823;0.737;0.932;0.899;0.736;0.797;0.800;0.567;0.811;0.803;0.905;0.706;0.489;0.591;0.663;0.741;0.687;0.734;0.843;0.786;0.394;0.416;0.634;0.548;0.524;0.906;0.370;0.393;0.818;0.719;0.736;0.529;0.571;0.423;0.774;0.820;0.764;0.852;0.865;0.467;0.924;0.459;0.731;0.708;0.740;0.676;0.660;0.587;0.422;0.859;0.542;0.429;0.702;0.908;0.878;0.672;0.441;0.749;0.927;0.570;0.856;0.747;0.613;0.431;0.437;0.652;0.478;0.600;0.911;0.826;0.908;0.600;0.682;0.782;0.662;0.899;0.893;0.874;0.722;0.895;0.726;0.782;0.545;0.596;0.890;0.800;0.649;0.569;0.825;0.744;0.480;0.455;0.742;0.910;0.835;0.892;0.507;0.452;0.782;0.688;0.408;0.854;..;0.503;0.768;0.752;0.599;0.693;0.719;0.798;0.636;0.398;0.541;0.612;0.548;0.921;0.905;0.625;0.338;0.502;0.740;0.942;0.804;0.533;0.787;0.684;0.770;0.508;0.697;0.734;0.684;0.836;0.829;0.850;0.796;0.797;0.504;0.748;0.731;0.713;0.696;0.558;0.837;0.489;0.772;0.777;0.413;0.920;0.841;0.876;0.546;0.673;0.438;0.873;0.762;0.485;0.720;0.908;0.935;0.631;0.639;0.501;0.733;0.601;0.484;0.700;0.784;0.721;0.765;0.686;0.497;0.742;0.832;0.897;0.916;0.788;0.681;0.584;0.767;0.668;0.501;0.552;0.516;..;..;..;..;..;..;..;0.874;0.720;0.593;0.484;0.657;..;0.687;0.707;0.750;0.740;0.601;0.512;0.499;0.704;0.879;0.708;
2013;0.485;0.781;0.746;0.846;0.547;0.767;0.824;0.743;0.926;0.896;0.741;0.797;0.807;0.572;0.812;0.808;0.908;0.707;0.500;0.594;0.673;0.748;0.699;0.752;0.844;0.792;0.401;0.422;0.641;0.555;0.531;0.910;0.351;0.399;0.830;0.727;0.746;0.532;0.581;0.429;0.777;0.825;0.762;0.854;0.874;0.475;0.926;0.467;0.730;0.712;0.751;0.681;0.662;0.588;0.425;0.863;0.558;0.439;0.707;0.916;0.882;0.679;0.448;0.756;0.927;0.578;0.858;0.750;0.616;0.439;0.441;0.656;0.483;0.603;0.916;0.835;0.920;0.607;0.688;0.785;0.662;0.908;0.895;0.873;0.720;0.900;0.720;0.791;0.551;0.605;0.893;0.798;0.658;0.579;0.834;0.741;0.486;0.463;0.707;0.912;0.840;0.892;0.509;0.463;0.787;0.693;0.408;0.861;..;0.511;0.775;0.750;0.599;0.702;0.728;0.801;0.646;0.412;0.551;0.622;0.555;0.924;0.907;0.630;0.345;0.520;0.743;0.946;0.811;0.537;0.811;0.681;0.775;0.521;0.709;0.742;0.692;0.851;0.837;0.857;0.800;0.803;0.506;0.767;0.726;0.714;0.696;0.568;0.846;0.494;0.775;0.782;0.426;0.923;0.844;0.884;0.550;0.683;0.439;0.875;0.765;0.477;0.724;0.927;0.938;0.572;0.643;0.503;0.731;0.613;0.490;0.699;0.787;0.725;0.781;0.691;0.503;0.744;0.839;0.914;0.914;0.797;0.688;0.588;0.772;0.673;0.506;0.559;0.527;..;..;..;..;..;..;..;0.878;0.727;0.599;0.490;0.663;..;0.688;0.714;0.759;0.748;0.607;0.521;0.504;0.708;0.883;0.713;
2014;0.488;0.787;0.749;0.853;0.557;0.767;0.825;0.746;0.929;0.904;0.746;0.796;0.810;0.572;0.812;0.811;0.910;0.710;0.505;0.601;0.678;0.754;0.709;0.755;0.845;0.797;0.405;0.429;0.641;0.561;0.540;0.914;0.355;0.406;0.834;0.735;0.750;0.534;0.595;0.441;0.785;0.827;0.764;0.856;0.879;0.478;0.928;0.475;0.732;0.724;0.750;0.683;0.660;0.590;0.436;0.865;0.573;0.446;0.712;0.918;0.887;0.688;0.449;0.764;0.930;0.577;0.866;0.752;0.643;0.446;0.450;0.660;0.488;0.606;0.924;0.833;0.924;0.618;0.691;0.788;0.662;0.920;0.900;0.874;0.720;0.904;0.720;0.798;0.556;0.613;0.896;0.800;0.663;0.586;0.836;0.732;0.493;0.464;0.693;0.911;0.852;0.895;0.512;0.472;0.792;0.702;0.414;0.868;..;0.518;0.786;0.754;0.598;0.705;0.733;0.803;0.653;0.420;0.558;0.631;0.562;0.925;0.910;0.640;0.353;0.523;0.747;0.945;0.815;0.546;0.809;0.682;0.779;0.531;0.712;0.752;0.697;0.853;0.840;0.854;0.803;0.807;0.513;0.768;0.728;0.715;0.698;0.577;0.853;0.501;0.780;0.796;0.430;0.928;0.845;0.886;0.551;0.691;0.435;0.880;0.769;0.496;0.726;0.929;0.939;0.551;0.642;0.509;0.739;0.608;0.495;0.699;0.788;0.728;0.792;0.696;0.509;0.747;0.847;0.918;0.915;0.800;0.693;0.589;0.770;0.675;0.504;0.565;0.537;..;..;..;..;..;..;..;0.882;0.733;0.608;0.496;0.669;..;0.691;0.721;0.766;0.752;0.617;0.527;0.510;0.712;0.886;0.718;
2015;0.490;0.788;0.751;0.850;0.565;0.770;0.828;0.748;0.933;0.906;0.749;0.799;0.834;0.588;0.812;0.811;0.913;0.715;0.510;0.606;0.685;0.755;0.714;0.755;0.843;0.807;0.413;0.427;0.643;0.566;0.548;0.917;0.362;0.403;0.839;0.742;0.753;0.535;0.614;0.445;0.786;0.830;0.768;0.864;0.882;0.494;0.926;0.482;0.729;0.733;0.758;0.690;0.660;0.593;0.433;0.871;0.585;0.453;0.718;0.919;0.888;0.692;0.454;0.771;0.933;0.585;0.868;0.756;0.647;0.449;0.453;0.663;0.492;0.613;0.927;0.835;0.927;0.627;0.696;0.789;0.665;0.926;0.901;0.875;0.722;0.906;0.721;0.806;0.562;0.619;0.899;0.807;0.666;0.594;0.842;0.728;0.499;0.463;0.691;0.912;0.855;0.899;0.514;0.475;0.797;0.709;0.412;0.877;..;0.521;0.786;0.759;0.606;0.703;0.736;0.807;0.660;0.428;0.565;0.637;0.568;0.927;0.914;0.644;0.360;0.527;0.753;0.948;0.827;0.550;0.803;0.685;0.782;0.539;0.718;0.750;0.702;0.858;0.843;0.851;0.806;0.813;0.515;0.769;0.736;0.721;0.699;0.590;0.857;0.504;0.785;0.801;0.422;0.929;0.849;0.886;0.555;0.699;0.428;0.885;0.772;0.501;0.730;0.932;0.943;0.540;0.642;0.519;0.746;0.628;0.502;0.714;0.796;0.731;0.800;0.701;0.515;0.742;0.860;0.916;0.917;0.802;0.696;0.592;0.763;0.680;0.493;0.570;0.544;..;..;..;..;..;..;..;0.886;0.738;0.616;0.499;0.674;..;0.695;0.727;0.770;0.754;0.624;0.532;0.516;0.717;0.889;0.722;
2016;0.491;0.788;0.755;0.854;0.570;0.772;0.828;0.751;0.935;0.909;0.749;0.800;0.839;0.599;0.814;0.812;0.915;0.722;0.512;0.610;0.692;0.765;0.719;0.757;0.844;0.812;0.420;0.427;0.645;0.572;0.556;0.920;0.372;0.398;0.843;0.749;0.759;0.537;0.613;0.453;0.789;0.832;0.771;0.869;0.885;0.508;0.928;0.489;0.729;0.738;0.756;0.695;0.662;0.592;0.434;0.875;0.596;0.460;0.718;0.922;0.887;0.696;0.456;0.776;0.936;0.587;0.866;0.760;0.648;0.456;0.457;0.666;0.497;0.618;0.931;0.838;0.932;0.637;0.700;0.799;0.672;0.936;0.902;0.878;0.722;0.910;0.722;0.808;0.568;0.622;0.901;0.809;0.669;0.598;0.845;0.725;0.507;0.463;0.690;0.915;0.860;0.904;0.515;0.478;0.801;0.713;0.420;0.881;..;0.519;0.790;0.764;0.608;0.705;0.730;0.809;0.669;0.435;0.571;0.639;0.572;0.929;0.917;0.649;0.365;0.528;0.757;0.951;0.834;0.556;0.808;0.687;0.789;0.541;0.718;0.755;0.704;0.864;0.846;0.847;0.808;0.817;0.525;0.772;0.744;0.725;0.704;0.593;0.857;0.506;0.791;0.801;0.423;0.933;0.851;0.892;0.553;0.702;0.418;0.888;0.774;0.505;0.726;0.934;0.943;0.539;0.647;0.518;0.753;0.628;0.506;0.715;0.796;0.736;0.800;0.706;0.520;0.746;0.863;0.918;0.919;0.806;0.701;0.592;0.752;0.685;0.477;0.580;0.549;..;..;..;..;..;..;..;0.888;0.743;0.625;0.501;0.680;..;0.699;0.733;0.772;0.756;0.634;0.535;0.520;0.719;0.892;0.727;
2017;0.493;0.789;0.758;0.852;0.576;0.774;0.832;0.758;0.937;0.912;0.752;0.804;0.839;0.609;0.813;0.815;0.917;0.719;0.515;0.615;0.700;0.767;0.724;0.760;0.843;0.813;0.429;0.421;0.647;0.578;0.560;0.921;0.376;0.401;0.845;0.753;0.760;0.539;0.609;0.456;0.792;0.835;0.777;0.871;0.888;0.512;0.929;0.492;0.723;0.741;0.757;0.696;0.665;0.590;0.431;0.879;0.603;0.467;0.721;0.924;0.890;0.700;0.459;0.783;0.938;0.591;0.871;0.760;0.649;0.463;0.460;0.668;0.501;0.621;0.937;0.841;0.935;0.643;0.704;0.799;0.684;0.939;0.904;0.881;0.725;0.913;0.722;0.813;0.574;0.623;0.904;0.809;0.671;0.602;0.849;0.732;0.514;0.466;0.704;0.916;0.866;0.908;0.518;0.482;0.802;0.716;0.426;0.883;0.696;0.524;0.793;0.765;0.612;0.709;0.729;0.813;0.675;0.442;0.577;0.643;0.574;0.932;0.920;0.653;0.373;0.533;0.758;0.953;0.833;0.558;0.811;0.689;0.793;0.543;0.722;0.756;0.709;0.868;0.848;0.848;0.813;0.822;0.529;0.774;0.744;0.726;0.706;0.603;0.856;0.510;0.794;0.800;0.435;0.934;0.854;0.899;0.555;0.704;0.414;0.891;0.776;0.507;0.722;0.935;0.943;0.544;0.651;0.522;0.762;0.624;0.510;0.717;0.799;0.738;0.805;0.708;0.522;0.747;0.864;0.919;0.919;0.807;0.707;0.595;0.735;0.690;0.463;0.589;0.553;..;..;..;..;..;..;..;0.890;0.746;0.630;0.505;0.683;..;0.701;0.737;0.776;0.758;0.639;0.539;0.525;0.722;0.894;0.729;
2018;0.496;0.791;0.759;0.857;0.574;0.776;0.830;0.760;0.938;0.914;0.754;0.805;0.838;0.614;0.813;0.817;0.919;0.720;0.520;0.617;0.703;0.769;0.728;0.761;0.845;0.816;0.434;0.423;0.651;0.581;0.563;0.922;0.381;0.401;0.847;0.758;0.761;0.538;0.609;0.459;0.794;0.837;0.778;0.873;0.891;0.516;0.930;0.495;0.724;0.745;0.758;0.700;0.667;0.588;0.434;0.882;0.608;0.470;0.724;0.925;0.891;0.702;0.466;0.786;0.939;0.596;0.872;0.763;0.651;0.466;0.461;0.670;0.503;0.623;0.939;0.845;0.938;0.647;0.707;0.797;0.689;0.942;0.906;0.883;0.726;0.915;0.723;0.817;0.579;0.623;0.906;0.808;0.674;0.604;0.854;0.730;0.518;0.465;0.708;0.917;0.869;0.909;0.521;0.485;0.804;0.719;0.427;0.885;0.698;0.527;0.796;0.767;0.614;0.711;0.735;0.816;0.676;0.446;0.584;0.645;0.579;0.934;0.921;0.651;0.377;0.534;0.759;0.954;0.834;0.560;0.814;0.690;0.795;0.543;0.724;0.759;0.712;0.872;0.850;0.848;0.816;0.824;0.536;0.777;0.745;0.728;0.707;0.609;0.857;0.514;0.799;0.801;0.438;0.935;0.857;0.902;0.557;0.705;0.413;0.893;0.780;0.508;0.724;0.937;0.946;0.549;0.656;0.528;0.765;0.626;0.513;0.717;0.799;0.739;0.807;0.710;0.528;0.750;0.866;0.920;0.920;0.808;0.710;0.597;0.726;0.693;0.463;0.591;0.563;..;..;..;..;..;..;..;0.892;0.750;0.634;0.507;0.686;..;0.703;0.741;0.779;0.759;0.642;0.541;0.528;0.723;0.895;0.731;
